"";"Intercepto";"Accesibilidad.barrial";"Molestias.vecinales";"Confianza.en.Vecinos";"Deseabilidad.social";"Tramo.etario";"Nivel.educacional";"Estatus.social.subjetivo";"Encarecimiento.barrial";"Régimen.de.propiedad.vivienda";"Reputación.barrial";"Seguridad.barrial";"Sexo.Género";"Sociabilidad.barrial";"Tiempo.de.residencia";"df";"logLik";"AICc";"delta";"weight"
"1";-0,133115084292778;0,236516319009937;NA;0,106646873265223;0,0940794636555784;NA;NA;NA;0,109852817627135;NA;"+";"+";NA;0,366791249905505;0,00921831541716957;12;-591,808021500767;1208,12751841137;0;0.311801905678115
"2";-0,149063310385064;0,227040969258156;NA;0,103876556671249;0,0934327997203497;NA;"+";"+";0,117643487838554;NA;"+";"+";NA;0,363882884290139;0,00852031891253084;17;-586,889829858021;1208,79122996398;0,663711552605264;0.223746181740605
"3";-0,181397420916012;0,231747794935277;NA;0,101766159403011;0,0924496193628241;NA;NA;"+";0,112060202669201;NA;"+";"+";NA;0,366105184123513;0,00918010259022375;14;-590,114990789072;1208,92077105183;0,793252640458149;0.209713381452837
"4";-0,111793636873147;0,234498664248032;NA;0,108978400023684;0,095008478366414;NA;"+";NA;0,112512089502634;NA;"+";"+";NA;0,364530118998828;0,00870870457091207;15;-589,474170155377;1209,73911461059;1,61159619921864;0.139291654518214
"5";-0,14061620144423;0,236307773873946;NA;0,106611773607793;0,0943227050700912;NA;NA;NA;0,109367230036662;"+";"+";"+";NA;0,367012897139624;0,00934792926736086;13;-591,758466218051;1210,11463358553;1,98711517415677;0.115446876610229
